1|Ilyass|07454116910|ilyass@gmail.com|2|1462442400|1462453200|1
2|Michele|07986116916|mich.78@hotmail.fr|2|1462446000|1462464000|2
3|Jones|07454116909|john.leeds@gmail.com|3|1462456800|1462467600|3
4|Leo|07784116918|leo97@outlook.com|3|1462460400|1462471200|4
5|Eric|07451876913|eric@gmail.com|3|1462467600|1462474800|5
6|Mario|07492116915|mario@gmail.com|6|1462467600|1462474800|10
7|Lucia|07176358691|lucia@gmail.com|7|1462050000|1462053600|11
8|John|07454116068|john@gmail.com|8|1462111200|1462118400|13
9|David|07454116912|david@gmail.com|10|1462122000|1462129200|15